N,Tempo_O(n2),Tempo_Quadtree
100,0.000023,0.000042
500,0.000515,0.000256
1000,0.002487,0.000571
2500,0.015596,0.001925
5000,0.069824,0.004842
10000,0.340055,0.021263
